{
  "episodes": [
    1000,
    2000,
    3000,
    4000,
    5000,
    6000,
    7000,
    8000,
    9000,
    10000
  ],
  "avg_rewards": [
    1.43,
    1.595,
    0.655,
    2.205,
    2.34,
    2.035,
    2.805,
    1.61,
    1.565,
    1.12
  ],
  "epsilon_values": [
    0.905095,
    0.810095,
    0.715095,
    0.6200950000000001,
    0.5250950000000001,
    0.430095,
    0.33509500000000003,
    0.24009499999999995,
    0.14509499999999997,
    0.050095
  ],
  "win_rates": {
    "Facil_Bot": [
      0.42,
      0.29,
      0.42,
      0.34,
      0.39,
      0.37,
      0.33,
      0.38,
      0.44,
      0.41
    ],
    "Medio_Bot": [
      0.32,
      0.45,
      0.31,
      0.34,
      0.34,
      0.31,
      0.39,
      0.33,
      0.32,
      0.43
    ]
  }
}